Sample_ID	ISCN
SIM002	46,XX,dup(7)(q21q31)
SIM004	46,XX,dup(12)(p13p11.2)
SIM006	45,XX,-7
SIM008	46,XX,dup(17)(p13.3p11.2)
SIM010	46,XX,dup(22)(q11.21q13.33)
SIM012	45,XY,-Y
SIM014	46,XX,del(6)(q21q25.3),dup(6)(p25.3p22.1)
SIM016	45,XX,-10,dup(4)(q12q21.3)
SIM018	46,XX,dup(2)(p25.3p16.1),dup(2)(q31.1q37.3)
SIM020	46,XX[10]/47,XX,+8[6]/46,XX,del(20)(q11.2q13.3)[4]
SIM022	46,XX,dup(1)(q21.1q23.3)[9]/46,XX,del(1)(q31.1q44)[11]
SIM024	46,XX,der(5)del(5)(q13q33)
SIM026	46,XX,dup(16)(p13.11p11.2),del(16)(q22.1q24.3)
SIM028	44,XX,-5,-7,dup(1)(q21.1q44)
SIM030	46,XX,del(5)(q?q33)
SIM032	46,XX,dup(7)(q21q31~q32)
SIM034	46,XX,t(9;22)(q34;q11.2)
SIM036	46,XX,del(99)(q13q33)
