Sample_ID	Raw_ISCN	Extracted_Event	Event_Type	CHR	Band_Start	Band_End	BP1	BP2	TYPE (# of copies)	Status	Reason
SIM002	46,XX,dup(7)(q21q31)	dup(7)(q21q31)	dup	7	q21	q31	77900000	127500000	3	EMITTED	safe_conversion
SIM004	46,XX,dup(12)(p13p11.2)	dup(12)(p13p11.2)	dup	12	p13	p11.2	0	33200000	3	EMITTED	safe_conversion
SIM006	45,XX,-7	-7	whole_loss	7			0	159345973	1	EMITTED	safe_conversion
SIM008	46,XX,dup(17)(p13.3p11.2)	dup(17)(p13.3p11.2)	dup	17	p13.3	p11.2	0	22700000	3	EMITTED	safe_conversion
SIM010	46,XX,dup(22)(q11.21q13.33)	dup(22)(q11.21q13.33)	dup	22	q11.21	q13.33	17400000	50818468	3	EMITTED	safe_conversion
SIM012	45,XY,-Y	-Y	whole_loss	Y			0	57227415	1	EMITTED	safe_conversion
SIM014	46,XX,del(6)(q21q25.3),dup(6)(p25.3p22.1)	del(6)(q21q25.3)	del	6	q21	q25.3	105000000	160600000	1	EMITTED	safe_conversion
SIM014	46,XX,del(6)(q21q25.3),dup(6)(p25.3p22.1)	dup(6)(p25.3p22.1)	dup	6	p25.3	p22.1	0	30500000	3	EMITTED	safe_conversion
SIM016	45,XX,-10,dup(4)(q12q21.3)	dup(4)(q12q21.3)	dup	4	q12	q21.3	51800000	87100000	3	EMITTED	safe_conversion
SIM016	45,XX,-10,dup(4)(q12q21.3)	-10	whole_loss	10			0	133797422	1	EMITTED	safe_conversion
SIM018	46,XX,dup(2)(p25.3p16.1),dup(2)(q31.1q37.3)	dup(2)(p25.3p16.1)	dup	2	p25.3	p16.1	0	61000000	3	EMITTED	safe_conversion
SIM018	46,XX,dup(2)(p25.3p16.1),dup(2)(q31.1q37.3)	dup(2)(q31.1q37.3)	dup	2	q31.1	q37.3	168900000	242193529	3	EMITTED	safe_conversion
SIM020	46,XX[10]/47,XX,+8[6]/46,XX,del(20)(q11.2q13.3)[4]	del(20)(q11.2q13.3)	del	20	q11.2	q13.3	30400000	64444167	1	EMITTED	safe_conversion
SIM020	46,XX[10]/47,XX,+8[6]/46,XX,del(20)(q11.2q13.3)[4]	+8	whole_gain	8			0	145138636	3	EMITTED	safe_conversion
SIM022	46,XX,dup(1)(q21.1q23.3)[9]/46,XX,del(1)(q31.1q44)[11]	dup(1)(q21.1q23.3)	dup	1	q21.1	q23.3	143200000	165500000	3	EMITTED	safe_conversion
SIM022	46,XX,dup(1)(q21.1q23.3)[9]/46,XX,del(1)(q31.1q44)[11]	del(1)(q31.1q44)	del	1	q31.1	q44	185800000	248956422	1	EMITTED	safe_conversion
SIM024	46,XX,der(5)del(5)(q13q33)	del(5)(q13q33)	del	5	q13	q33	67400000	160500000	1	EMITTED	safe_conversion
SIM026	46,XX,dup(16)(p13.11p11.2),del(16)(q22.1q24.3)	dup(16)(p13.11p11.2)	dup	16	p13.11	p11.2	14700000	35300000	3	EMITTED	safe_conversion
SIM026	46,XX,dup(16)(p13.11p11.2),del(16)(q22.1q24.3)	del(16)(q22.1q24.3)	del	16	q22.1	q24.3	66600000	90338345	1	EMITTED	safe_conversion
SIM028	44,XX,-5,-7,dup(1)(q21.1q44)	dup(1)(q21.1q44)	dup	1	q21.1	q44	143200000	248956422	3	EMITTED	safe_conversion
SIM028	44,XX,-5,-7,dup(1)(q21.1q44)	-5	whole_loss	5			0	181538259	1	EMITTED	safe_conversion
SIM028	44,XX,-5,-7,dup(1)(q21.1q44)	-7	whole_loss	7			0	159345973	1	EMITTED	safe_conversion
SIM036	46,XX,del(99)(q13q33)	del(99)(q13q33)	del	99	q13	q33				FLAGGED	cytoband_lookup_failed
