FID	IID	CHR	BP1	BP2	TYPE (# of copies)	SCORE	SITES
SIM002	SIM002	7	77900000	127500000	3	999	999
SIM004	SIM004	12	0	33200000	3	999	999
SIM006	SIM006	7	0	159345973	1	999	999
SIM008	SIM008	17	0	22700000	3	999	999
SIM010	SIM010	22	17400000	50818468	3	999	999
SIM012	SIM012	Y	0	57227415	1	999	999
SIM014	SIM014	6	105000000	160600000	1	999	999
SIM014	SIM014	6	0	30500000	3	999	999
SIM016	SIM016	4	51800000	87100000	3	999	999
SIM016	SIM016	10	0	133797422	1	999	999
SIM018	SIM018	2	0	61000000	3	999	999
SIM018	SIM018	2	168900000	242193529	3	999	999
SIM020	SIM020	20	30400000	64444167	1	999	999
SIM020	SIM020	8	0	145138636	3	999	999
SIM022	SIM022	1	143200000	165500000	3	999	999
SIM022	SIM022	1	185800000	248956422	1	999	999
SIM024	SIM024	5	67400000	160500000	1	999	999
SIM026	SIM026	16	14700000	35300000	3	999	999
SIM026	SIM026	16	66600000	90338345	1	999	999
SIM028	SIM028	1	143200000	248956422	3	999	999
SIM028	SIM028	5	0	181538259	1	999	999
SIM028	SIM028	7	0	159345973	1	999	999
